ID,Name
129,2022 NiceNode Contributor
807,2023 NiceNode Contributor
985,2023 Rocket Rescue Node Contributor
1107,2024 Rocket Rescue Node Contributor
1088,2024 CoinCashew Contributor
733,2023 CoinCashew Contributor
512,2022 CoinCashew Contributor
511,2021 CoinCashew Contributor
510,2020 CoinCashew Contributor
1133,2025 Stereum Contributor
1084,2024 Stereum Contributor
838,2023 Stereum Contributor
122,2022 Stereum Contributor
121,2021 Stereum Contributor
2,2022 Wagyu Key Gen Contributor
854,2023 Wagyu Key Gen Contributor
23,2021 Wagyu Key Gen Contributor
243,2017 Nethermind Contributor
244,2018 Nethermind Contributor
245,2019 Nethermind Contributor
246,2020 Nethermind Contributor
247,2021 Nethermind Contributor
248,2022 Nethermind Contributor
805,2023 Nethermind Contributor
212,2018 Prysm Contributor
213,2019 Prysm Contributor
214,2020 Prysm Contributor
215,2021 Prysm Contributor
216,2022 Prysm Contributor
824,2023 Prysm Contributor
1121,2024 Prysm Contributor
861,2023 DAppNode Contributor
127,2022 DAppNode Contributor
126,2021 DAppNode Contributor
125,2020 DAppNode Contributor
124,2019 DAppNode Contributor
123,2018 DAppNode Contributor
211,2018 Lodestar Contributor
210,2019 Lodestar Contributor
209,2020 Lodestar Contributor
208,2021 Lodestar Contributor
207,2022 Lodestar Contributor
793,2023 Lodestar Contributor
1104,2024 Lodestar Contributor
71,2019 Ethereum.org Contributor
72,2020 Ethereum.org Contributor
73,2021 Ethereum.org Contributor
74,2022 Ethereum.org Contributor
879,2023 Ethereum.org Contributor
1081,2024 Ethereum.org Contributor
1132,2025 Ethereum.org Contributor
11,2020 eth-docker Contributor
12,2021 eth-docker Contributor
13,2022 eth-docker Contributor
745,2023 eth-docker Contributor
1083,2024 eth-docker Contributor
880,2022 EthStaker Knowledge Base Contributor
881,2023 EthStaker Knowledge Base Contributor
1108,2024 EthStaker Knowledge Base Contributor
1061,EthCC [1] - Speaker
1060,EthCC [2] - Speaker
1059,EthCC [3] - Speaker
1058,EthCC [4] - Speaker
1069,EthCC [5] - Speaker
1070,EthCC [6] - Speaker
1131,EthCC [7] - Speaker
1149,EthCC [8] - Speaker
1067,Devcon I - Speaker
1066,Devcon II - Speaker
1065,Devcon III - Speaker
1064,Devcon IV - Speaker
1063,Devcon V - Speaker
1062,Devcon VI - Speaker
1130,Devcon VII - Speaker
217,2018 Teku Contributor
218,2019 Teku Contributor
219,2020 Teku Contributor
220,2021 Teku Contributor
221,2022 Teku Contributor
842,2023 Teku Contributor
222,2018 Nimbus Contributor
223,2019 Nimbus Contributor
224,2020 Nimbus Contributor
225,2021 Nimbus Contributor
226,2022 Nimbus Contributor
808,2023 Nimbus Contributor
227,2018 Lighthouse Contributor
228,2019 Lighthouse Contributor
229,2020 Lighthouse Contributor
230,2021 Lighthouse Contributor
231,2022 Lighthouse Contributor
791,2023 Lighthouse Contributor
249,2019 Besu Contributor
250,2020 Besu Contributor
251,2021 Besu Contributor
252,2022 Besu Contributor
728,2023 Besu Contributor
1105,2024 Besu Contributor
24,2021 eth-wizard Contributor
25,2022 eth-wizard Contributor
746,2023 eth-wizard Contributor
924,2022 EthStaker Knowledge Base Supporter
923,2023 EthStaker Knowledge Base Supporter
1151,2020 Lido Contributor
1152,2021 Lido Contributor
1153,2022 Lido Contributor
1154,2023 Lido Contributor
1155,2024 Lido Contributor
1156,2025 Lido Contributor
